Heyyy,"I have, something",incredible
Heyyy,"I have, something",incredible
Heyyy,"I have, something",incredible
Heyyy,"I have, something",incredible
Heyyy,"I have, something",incredible
Heyyy,"I have, something",incredible
Heyyy,"I have, something",incredible
Heyyy,"I have, something",incredible
Heyyy,"I have, something",incredible
Heyyy,"I have, something",incredible
Heyyy,"I have, something",incredible
Heyyy,"I have, something",incredible
Heyyy,"I have, something",incredible
Heyyy,"I have, something",incredible
Heyyy,"I have, something",incredible
Heyyy,"I have, something",incredible
Heyyy,"I have, something",incredible
Heyyy,"I have, something",incredible
Heyyy,"I have, something",incredible
Heyyy,"I have, something",incredible
Heyyy,"I have, something",incredible
Heyyy,"I have, something",incredible
Heyyy,"I have, something",incredible
Heyyy,"I have, something",incredible
Heyyy,"I have, something",incredible
Heyyy,"I have, something",incredible
Heyyy,"I have, something LOOOOL",incredible
Heyyy,"I have, something",incredible
Heyyy,"I have, something LOOOOL",incredible
Heyyy,"I have, something",incredible
Heyyy,"I have, something LOOOOL",incredible
Heyyy,"I have, something",incredible
Heyyy,"I have, something LOOOOL",incredible
Heyyy,"I have, something",incredible
Heyyy,"I have, something LOOOOL",incredible
Heyyy,"I have, something",incredible
Heyyy,"I have, something LOOOOL",incredible
Heyyy,"I have, something",incredible
Heyyy,"I have, something LOOOOL",incredible
Heyyy,"I have, something",incredible
Heyyy,"I have, something LOOOOL",incredible
Heyyy,"I have, something",incredible
Heyyy,"I have, something LOOOOL",incredible
Heyyy,"I have, something",incredible
Heyyy,"I have, something LOOOOL",incredible
